Event,Lab label,Latitude,Longitude,Depth top [m],Depth bot [m],Depth sed [m],Date/Time,pH,CaCO3 [%],TN [%],TS [%],TC [%],TOC [%],2000-630 µm [%],630-200 µm [%],200-125 µm [%],125-63 µm [%],2000-63 µm [%],63-20 µm gU [%],20-6.3 µm mU [%],6.3-2 µm fU [%],63-2 µm [%],2-0.63 µm [%],0.63-0.063 µm [%],2-0.063 µm [%],63-0.063 µm [%],<2000 µm [%],Part size mean [mm],Bulk Density [g/cm³],Field Capacity [m³/m³],Wilting Point [m³/m³],Available Water Capacity [m³/m³],Hydraulic Conductivity [cm/hr],CEC [cmol/kg],Infiltration Rate [cm/hr]
EHS_2017_B197,41612.0,-1.0801868804143138,0.08773941307544224,-0.6231106687485659,-0.6466839003037039,-0.6368034949959216,2017-09-01T00:00,0.5785266695522404,1.0500269585778905,-0.03587593478276816,3.469446951953614e-18,1.1263989306679645,0.3250342313157381,-0.24589929895638185,-0.22652836208151453,-0.2978463034608612,-0.20561751325937436,-0.3514450634804172,0.23799397268794556,0.8309351021588871,0.5986862253848051,0.92519698208623,0.27363310005715646,-0.423076586037464,-0.2986187865607601,0.33371971808945006,-0.8991475765730682,0.06010466740985145,-0.6863846908189277,0.09352984621162218,0.15421288453337473,0.009557165629197674,-0.30989295578243475,0.1818798612801745,-0.4317639733682626
EHS_2017_B199,41614.0,-0.927378839156153,0.06104154169394167,-0.6231106687485659,-0.6466839003037039,-0.6368034949959216,2017-09-01T00:00,-0.23081115831877416,1.468351349206712,-1.3801252462350537,3.469446951953614e-18,0.41879341047351026,-1.5469859178809549,-0.25407701236278346,-0.32000871783249396,-0.4008909687693968,-0.3624325380636329,-0.31514333046232657,-0.19461576091723723,-0.17583800446037165,0.08089624385416173,0.10097010507895092,0.14119222702073286,-0.17875581083609182,0.06276452302386745,0.32360392450638603,0.10291215275766251,-0.20326744083237677,2.1342291632876935,-0.8408518804335433,-0.23391213987171752,-1.4096705184583496,-0.17923179095427758,-1.5407317732992019,-0.2997410150336397
EHS_2017_B199,41615.0,-0.9245458810878997,0.06110896056108808,-0.6231106687485659,-0.6466839003037039,-0.6368034949959216,2017-09-01T00:00,0.3087473935952355,1.1713101971385806,-0.3521698904186001,3.469446951953614e-18,0.5633579791153877,-0.8433187696013469,-0.5689189785092453,-0.6437699499456422,-0.7309832017069092,-0.7086885324300828,-0.7729485190793592,-0.7960488051976137,-0.17583800446037165,0.8612276244707654,0.10596541948505536,1.4054005605502293,0.4599072681990748,0.7539539598022331,0.7923023605217124,0.7709519723114197,-0.6288291524554124,0.6177390896412739,0.3834501620945065,0.770127325366897,-0.16112915354637972,-0.7772492342827928,-0.27612974259695783,-0.7430799385118394
EHS_2017_B201,41616.0,-1.3021019290953781,-0.36841664189237466,-0.6231106687485659,-0.6466839003037039,-0.6368034949959216,2017-09-01T00:00,-0.6085021446585838,0.1270409566499256,-0.03587593478276816,3.469446951953614e-18,-0.19750817163133755,-0.5512305193720756,-0.7038512497148719,-0.6232498718539637,-0.5982477006315073,-0.5276671615150998,-0.7050508332492266,-0.5006080115160253,-0.136356706161577,0.9049845243184255,0.2857967381048258,0.6829957985333742,0.43418929186208816,0.5223879556023743,0.6911444246910663,-0.5651276667961421,-0.469615505099941,0.27508947778433335,0.3484111951520751,0.770127325366897,-0.2322986332312496,-0.7003361511890617,-0.27222462999370395,-0.7430799385118394
EHS_2017_B201,41618.0,-1.3021019290953781,-0.3705066267732428,-0.6231106687485659,-0.6466839003037039,-0.6368034949959216,2017-09-01T00:00,-0.33872286870157897,0.43949946955204316,-0.19402291260068424,3.469446951953614e-18,-0.09859557203426335,-0.8698722468949169,-0.4339867073036188,-0.5160894640418654,-0.5074286735799166,-0.3571702889091275,-0.5578271382314144,-0.37399052850963027,-0.017912811265194013,1.0216695905788518,0.5255718295978523,0.8033965922028501,0.048419646807289676,0.2417018899055761,0.5832426264717108,1.1049718820883458,0.6746395866417177,0.929559870440793,-0.07803997699592488,0.46952942699544326,-0.7277822765305492,-0.567886331638963,-0.7306338111707398,-0.6468899660505582
EHS_2017_B209,41625.0,-0.9693581268950767,-0.4332061731995268,-0.6231106687485659,-0.6466839003037039,-0.6368034949959216,2017-09-01T00:00,0.3627032487866355,-0.07955167852548727,0.28041802085306355,3.469446951953614e-18,-0.0757695875118614,-0.020160973500673314,0.30200749927252607,0.7333552908736641,1.2146398008983224,1.316224942223564,0.7981098154257884,0.3435085418599414,0.061049785332395336,0.0006752608001177115,0.255824851668197,-0.03940896348348093,-1.2203338524840475,-1.0424368606572754,-0.8329684751573354,-1.5671873961268254,1.583794152381839,0.2540552232607812,-1.0805245331771838,-1.2004734477623127,-0.7044984467695191,0.9453522003329055,-0.6855856678472138,0.9150993473461776
EHS_2017_B210,41630.0,-1.8250831579407152,0.3080642708399802,-0.6231106687485659,-0.6466839003037039,-0.6368034949959216,2017-09-01T00:00,0.41665910397804035,-0.3077286188684811,1.2292998877605592,3.469446951953614e-18,-0.045334941481992366,0.39141792454966345,0.428762057071751,0.8678758028080003,1.15525812936459,1.2888612466201363,0.838445074334778,-1.4713420478983872,-2.6434191481350258,-2.5955674634943775,-2.9961248267059766,2.726799271072727,-1.657539450212819,2.171418591571064,-0.7452982641041089,2.6289377204453364,0.4990581811468988,-1.1468100713249145,1.2814144111092378,0.770127325366897,1.6627730317832539,-0.35180559264585737,1.9209645087784826,-0.3821070617877159
EHS_2017_B212,41631.0,-1.6785419633183989,0.3868095076420327,-0.6231106687485659,-0.6466839003037039,-0.6368034949959216,2017-09-01T00:00,-0.392678723892979,0.29252062960137615,2.020034776850139,3.469446951953614e-18,1.0503123155932916,1.3738965844117574,-0.11096702775075526,-0.2880885963565498,-0.4794843575640426,-0.3740094862035445,-0.4374936158195951,-0.20516721783443698,0.7519725055612985,1.1529402901218322,1.0550751566449525,0.5385148461300033,-0.47451253871143695,-0.2635330283486603,0.45510924108622525,0.7709519723114197,0.14640739214459292,-1.1468100713249145,0.7106935854770932,0.6957738126940431,0.595246407704863,-0.3698975117261489,1.136285352164625,-0.49315695142495924
EHS_2017_B217,41634.0,-1.230505352460968,-0.6651944949767057,-0.6231106687485659,-0.6466839003037039,-0.6368034949959216,2017-09-01T00:00,-0.2847670135101742,0.22571206598743676,1.2292998877605592,3.469446951953614e-18,0.6166186096676587,0.7233363907192898,-0.05372303390594395,0.06987276590939571,-0.077784814835853,0.3016633052349384,-0.0287629922084998,0.40681728336313905,0.6730099089637092,0.43824425927671806,0.7953188075275076,0.466274369928318,-0.8002735723132668,-0.5512362456878785,0.0032704610426722647,-1.2331674863499469,0.246101918993346,-1.1468100713249145,-0.0036078676609120667,-0.06738659370340047,0.08553680977784346,-0.017243694681914053,0.3211275136077408,-0.1335714183317012
EHS_2017_B217,41635.0,-1.229818574747413,-0.6642506308369434,-0.6231106687485659,-0.6466839003037039,-0.6368034949959216,2017-09-01T00:00,-0.33872286870157897,0.027342023256815923,1.0711529099426436,3.469446951953614e-18,0.3883587644436412,0.6303992201917944,-0.0291898936867391,-0.10112788485459098,-0.21750639491522328,0.017501850891651266,-0.19212079078990793,0.38571436952874,0.6532692598143123,0.729956924927785,1.015112641396115,0.15323230638768062,-0.6631110318493385,-0.5301847907606189,0.17186702076041585,-0.8991475765730682,1.2519750555568845,-1.050148840613633,0.028311782357653373,-0.07655753968924761,0.1616802851384525,-0.13651250509281285,0.23885152554450578,-0.2555198813742073
EHS_2017_B224,41643.0,0.6189011828336484,-1.554988703292623,-0.6231106687485659,-0.6466839003037039,-0.6368034949959216,2017-09-01T00:00,-0.8782814206155887,-0.5369333832670733,2.1781817546680546,3.469446951953614e-18,0.43401073348844443,1.586324402760318,0.1588975146604979,1.1756769741831763,0.9072523247237076,0.3669151947508045,0.5426531756688538,-0.26847595933763446,-0.23505995190856313,0.0006752608001177115,-0.24370658894227518,0.12915214765378552,-0.4659398799324416,-0.3758074546273797,-0.5294946676653969,0.7709519723114197,0.26395765514536157,-1.1468100713249145,0.34555877106919924,0.613662974468658,-0.04513721158790439,0.3609384366685033,1.2248941367624582,0.16262912233739074
EHS_2017_B227,41647.0,0.6972796893890842,-1.5779785369822685,-0.6231106687485659,-0.6466839003037039,-0.6368034949959216,2017-09-01T00:00,-0.12289944793597414,0.2719641484893945,-0.668463846054432,3.469446951953614e-18,-0.23555147916867367,-0.8300420309545617,-0.830605807514097,-0.3952490041686481,2.1664930651890315,2.383409070757242,1.938925388235046,0.997698870726316,-0.965463970436261,-1.3849599010424498,-0.7732099159893755,-1.3878978525816106,-1.246051828821034,-1.4564488075600528,-1.925474182128314,1.1049718820883458,1.3992848788110126,1.759931223635811,-2.2663747109536647,-2.2402590083116127,-1.8308553798017357,2.039356117709921,-1.786132358930667,2.124387801959587
EHS_2017_B227,41648.0,0.702602216668844,-1.5758885521014003,-0.6231106687485659,-0.6466839003037039,-0.6368034949959216,2017-09-01T00:00,-0.7164138550413839,-0.5965471784918196,-0.3521698904186001,3.469446951953614e-18,-0.9583743223780627,-0.7503815990738514,-1.1331812035509563,-0.7896905052642442,2.1664930651890315,2.383409070757242,1.0905404425159635,1.2509338367391059,-0.7483168297928915,-1.3995455343250032,-0.6233504838062338,-1.2915772176460296,-0.34592265702650415,-0.6915792785362777,-1.0892352459283063,0.4369320625345411,1.6254575367365418,1.2307029571501154,-1.3413279571812515,-0.9745854884993679,-1.5127997156115902,1.073403420805293,-1.25202846286527,0.7724166206159016
EHS_2017_B232b,41653.0,-1.055634577155996,-0.8031334971144826,-0.6231106687485659,-0.6466839003037039,-0.6368034949959216,2017-09-01T00:00,0.09292397282963069,0.793070944678123,1.861887799032223,3.469446951953614e-18,1.5448753135786633,1.4668337549392527,-0.012834466873935867,0.2682335207956203,0.13529059478518685,0.33113190050016816,0.08686474999727051,1.0188017845607151,1.1270448393998456,0.729956924927785,1.6145503701286816,-0.15980975715295678,-1.3917870280639577,-1.2178656517177742,-0.0843997500105542,0.10291215275766251,-0.14077236430032267,-1.1468100713249145,-0.12371161741108976,-0.7944452951594106,0.7382118852124153,0.3389507244967209,0.637545726036868,0.4239256295146892
EHS_2017_B238,41661.0,0.6951335090343247,-1.8608006845716993,-0.6231106687485659,-0.6466839003037039,-0.6368034949959216,2017-09-01T00:00,-1.0401489861897935,-0.15047153836182323,-0.03587593478276816,3.469446951953614e-18,-0.38772470931801883,-0.44501661019779515,-1.0227820725645347,-0.6528899846530547,-0.5283869105918222,-0.4182123791013892,-0.7184959195522233,-0.18406430400003768,0.7914538038600928,1.823879421119286,1.5146440820065872,1.598041830421391,-0.9031454776612132,-0.30563593820318014,0.724863736634615,0.4369320625345411,0.48120244499488324,0.5419515466251176,-0.17119466840891487,-0.2132782831140322,-0.07494081175917716,-0.5089272106914955,-0.7400927124634032,-0.6582151235820266
EHS_2017_C105,41669.0,0.7056927163796881,-1.6154634271037462,-0.6231106687485659,-0.6466839003037039,-0.6368034949959216,2017-09-01T00:00,-0.12289944793597414,0.14759743776190729,1.861887799032223,3.469446951953614e-18,1.354658775891982,2.1306706872785055,0.08938695070608424,0.5395545533411458,0.38329639942606897,0.4195376862958577,0.2589618546756263,-0.07854973482804202,0.39664082087214814,0.029846527365224817,0.16590919235831217,0.03283151271820476,-0.45736722115344597,-0.3968589095546396,-0.27322789689442684,-0.5651276667961421,0.3026450834747285,-1.1468100713249145,0.7356378810318764,0.770127325366897,0.5542177557776139,0.13754614121659944,1.8181119686664557,-0.009799562782088836
EHS_2017_C114,41670.0,1.4435495223424735,0.15940566882932491,-0.6231106687485659,-0.6466839003037039,-0.6368034949959216,2017-09-01T00:00,0.2008356832124355,-0.3488415810924437,-0.5103168682365159,3.469446951953614e-18,-0.9279396763481937,-1.0823000652434778,-0.5525635516964422,-0.19460824060557042,-0.27688806644895564,-0.5339818605005062,-0.4939629782921808,-0.7960488051976137,-0.136356706161577,0.8758132577533184,0.12594667710947455,0.9960378620740117,0.2198728223872001,0.4381821358933351,0.5023162778071937,0.4369320625345411,0.5511374115902774,1.1639874399399188,-0.07896561437468495,0.6869235783491857,-0.9977574284184737,-0.5854140295603688,-0.7394782364475854,-0.6409408097805982
EHS_2017_C114,41672.0,1.4459532443398238,0.15893373675944372,-0.6231106687485659,-0.6466839003037039,-0.6368034949959216,2017-09-01T00:00,-0.9322372758069887,-1.4763645700846233,1.0711529099426436,3.469446951953614e-18,-1.0040262914228664,0.5241853110175139,-0.6629626826828638,0.5669146574633837,1.15525812936459,0.7184334382717595,0.38736242886924344,2.3588368130450625,-0.017912811265194013,-1.2828604680645765,0.2658154804804066,0.2495529413232614,-0.7745555959762803,-0.5933391555423984,-0.394617419891202,-0.23110775701926356,2.5113624460287265,-0.8479952036277421,-0.3085050116644866,-0.22715348084172904,-0.3367278509561368,0.3230867374415251,0.041843127730111215,0.1819077249903953
EHS_2017_C118,41673.0,1.8286601251986885,0.580841007227805,-0.6231106687485659,-0.6466839003037039,-0.6368034949959216,2017-09-01T00:00,0.5245708143608403,0.44566641388563705,-0.3521698904186001,3.469446951953614e-18,0.13727293469722185,-0.45829334884458023,0.33471835289813234,2.255831084842359,2.1664930651890315,1.6109108948758617,1.830020189180774,0.005861920509554742,-1.0049452687350553,-1.093247235391383,-1.262750727787638,-1.1470962652426588,-0.8259915486502535,-1.0424368606572754,-1.8580355582412165,-0.8991475765730682,2.205768961677045,0.950834975206981,-1.7336660187995079,-1.403148955025441,-1.7811846036375278,2.039356117709921,-1.104527356729622,1.868754350640316
EHS_2017_C118,41675.0,1.828059194699351,0.5828635732415267,-0.6231106687485659,-0.6466839003037039,-0.6368034949959216,2017-09-01T00:00,-0.014987737553169332,0.3593291932153156,0.28041802085306355,3.469446951953614e-18,0.35031545690630445,0.05949945838003708,0.2120526518021083,0.9932762800349241,0.9736200752614087,0.6489717494322894,0.5997947924565891,-0.07854973482804202,-0.1955786536097688,-0.34937993798116235,-0.3635941346887881,-0.32837086829022283,-0.2773413867945402,-0.35475599970012,-0.590189429163785,0.7709519723114197,0.1017680517645542,-0.2345496356336289,-0.4744459367207375,-0.05880963165106314,-0.8813843258602604,0.40145850041685155,-0.17542283185163898,0.1877383128828386
EHS_2018_B258,47252.0,-1.4067496831929882,-0.5443124662215582,-0.6231106687485659,-0.6466839003037039,-0.6368034949959216,2018-04-23T00:00,0.90226180070065,0.5063080331659825,-0.5103168682365159,3.469446951953614e-18,-0.1746821871089356,-1.095576803890263,-0.06598960401554646,-0.6551699933299079,-0.8707047817862794,-0.8665560070652424,-0.7702595018187599,-0.7116371498600169,0.10053108363118966,1.532166755468219,0.7253844058420412,1.2609196081468588,-0.04587959976166088,0.29783910304493605,0.7720707733555834,0.10291215275766251,-0.7850668437855478,1.2589627189527492,-0.07205887228877428,0.45530970776364604,-0.698097684775298,-0.678871048624203,-0.7583624611085512,-0.7430799385118394
EHS_2018_B258,47253.0,-1.4054619749800958,-0.5451889114941741,-0.6231106687485659,-0.6466839003037039,-0.6368034949959216,2018-04-23T00:00,0.90226180070065,-0.1987792689749794,-0.19402291260068424,3.469446951953614e-18,-0.2735947867060098,-0.17948183726209396,-0.4053647103812132,-0.7646104098188594,-0.8951560583001693,-0.8349825121382105,-0.8529467825821888,-0.41619635617842865,0.1597530310793815,0.9633270574486387,0.5055905719734332,0.7311561160011648,0.4170439743040972,0.5223879556023743,0.8395093972426808,-0.8991475765730682,-0.8356580962162583,-0.31611758447305005,0.6062323079541005,0.770127325366897,0.29137532325387006,-0.7618997497348979,0.29884184520894536,-0.7430799385118394
EHS_2018_B258,47254.0,-1.4052902805517224,-0.5456608435640553,-0.6231106687485659,-0.6466839003037039,-0.6368034949959216,2018-04-23T00:00,0.7403942351264452,0.020147254867622404,-0.19402291260068424,3.469446951953614e-18,-0.38011604781055175,-0.6972746444867111,-0.4339867073036188,-0.8102105833559226,-0.9545377298339016,-0.9486470938755253,-0.9194999597820216,-0.6905342360256178,0.08079043448179214,1.3133822562299187,0.5755249736588995,1.0201180208079073,0.3656080216301239,0.5644908654568941,0.9271796082959073,0.4369320625345411,-0.9338646450523436,0.4851911727772119,0.3876971751954957,0.770127325366897,-0.15250282294967757,-0.7968193654612422,-0.2018251537771673,-0.7430799385118394
EHS_2018_B001,47255.0,-0.2989772312855561,0.140056453964484,-0.6231106687485659,-0.6466839003037039,-0.6368034949959216,2018-04-23T00:00,0.47061495916944035,0.05920456898038696,-0.03587593478276816,3.469446951953614e-18,-0.699679831124176,-1.3212813608856087,-0.8714943745461048,-0.8717708176309577,-0.8951560583001693,-0.9591715921845361,-1.0015149862303008,-0.8382546328664121,-0.3337631976555493,0.5549293255371449,-0.2337159601300656,0.32179341752494667,1.3771817575515959,1.18901736163227,0.981130507405585,-1.2331674863499469,-1.0023116336350697,1.1488941580680565,0.5280517614961854,0.770127325366897,0.13257872339890542,-0.9408112328854427,-0.4225093460589287,-0.7430799385118394
EHS_2018_B001,47256.0,-0.3021535782106173,0.1467309218098232,-0.6231106687485659,-0.6466839003037039,-0.6368034949959216,2018-04-23T00:00,0.41665910397804035,-0.23166963875414967,-0.03587593478276816,3.469446951953614e-18,-0.7757664461988486,-1.0026396333627674,-0.9164717982813139,-0.9310510432291399,-0.9545377298339016,-0.9970597860969743,-1.0492450426059385,-0.8593575467008112,-0.21531930275916597,0.8174707246231052,-0.0039314974492479565,0.2495529413232614,1.3086004873196313,1.1118286935656503,1.0620568560701023,0.4369320625345411,-0.98743185350839,0.6827686551530157,0.6626402248898338,0.770127325366897,0.40594839571400576,-0.9435443304247834,-0.17169568224750142,-0.7430799385118394
EHS_2018_B001,47257.0,-0.3042997585653158,0.15192217457846827,-0.6231106687485659,-0.6466839003037039,-0.6368034949959216,2018-04-23T00:00,0.95621765589205,0.8496012677360723,-0.5103168682365159,3.469446951953614e-18,0.259011518816698,-0.8698722468949169,-0.5321192681804381,-0.8854508696920768,-0.8986490978021535,-0.9044442009776807,-0.9322727917698684,-1.1547983403823996,-0.4127257942531383,1.3425535227950258,0.11595604829726495,1.6943624653569713,0.528488538431039,0.8942969926506321,0.9339234706846167,0.10291215275766251,-0.8178023600642429,0.586107424441734,0.5327908890743955,0.770127325366897,0.1422046134673993,-0.8648433677143689,-0.10769615841428676,-0.7430799385118394
EHS_2018_B001,47259.0,-0.3049865362788706,0.15306829531957405,-0.6231106687485659,-0.6466839003037039,-0.6368034949959216,2018-04-23T00:00,0.90226180070065,-0.5174047262106912,0.1222710430351477,3.469446951953614e-18,-0.49424597042256013,-0.05999118944102851,-0.6466072558700606,-0.7326902883429153,-0.8008439917465943,-0.8139335155201892,-0.8589970714185372,-0.9226662882040086,-0.5509103382989191,0.8174707246231052,-0.22372533131785602,0.8997172271384313,0.9828394537178017,1.0346400254990313,0.8395093972426808,-0.8991475765730682,-0.8192903380769109,-0.7757401308369167,1.0319697032899797,0.770127325366897,1.1561128298769383,-0.8642762525705984,0.777616037511294,-0.7430799385118394
EHS_2018_B001,47260.0,-0.30584500842073786,0.1581921292210727,-0.6231106687485659,-0.6466839003037039,-0.6368034949959216,2018-04-23T00:00,0.95621765589205,0.06228804114718429,-0.5103168682365159,3.469446951953614e-18,-0.32685541725828077,-0.670721167193141,-0.5157638413676349,-0.787410496587391,-0.9126212558100905,-0.957066692522734,-0.9194999597820216,-1.1336954265480004,-0.9852046195856581,0.6278574919499117,-0.6133598549940242,0.6589156397994792,1.531489615573515,1.4135662141897087,0.940667333073327,1.1049718820883458,-0.8981531727483125,-0.0038953866024681746,0.9981303851699473,0.770127325366897,1.0873800197044716,-0.9515419643010504,0.45542242209197087,-0.7430799385118394
EHS_2018_B001,47261.0,-0.3071327166336302,0.1612259782417032,-0.6231106687485659,-0.6466839003037039,-0.6368034949959216,2018-04-23T00:00,0.7943500903178452,-0.3508972292036418,0.28041802085306355,3.469446951953614e-18,-0.38772470931801883,-0.13965162132173892,-0.5157638413676349,-0.8102105833559226,-0.7868718337386573,-0.7949894185639701,-0.8502577653215894,-0.45840218384722686,0.14001238192998397,0.8320563579056588,0.43565617028796744,0.5385148461300033,0.5970698086630033,0.613610926953834,0.8799725715749389,1.4389917918652244,-0.8594657444189456,-0.42747067998513477,0.6903745746165596,0.770127325366897,0.46228108505077437,-0.7794731242805885,0.38712492394047093,-0.7430799385118394
B07_2022_003,53741.0,-0.5148829749733671,-1.072606709013139,-0.6231106687485659,-0.6466839003037039,-0.6368034949959216,2022-09-24T00:00,-0.392678723892979,2.096737281198593,1.3874468655784753,3.469446951953614e-18,2.0603621307095703,1.294236152531047,1.4591539462783536,-0.06236773734808735,-0.10922217035371128,0.03013124886246395,0.08820925862757013,1.0610076122295133,2.331224437513077,0.1611172269082047,1.714456658250776,-1.4360581700494006,-0.980299406672173,-1.252951409929874,-0.05068043806700549,1.9400216565305897,0.47525053294421127,-1.1468100713249145,-0.2406372396277941,-0.930655208793823,0.668695065390834,0.3555165385995821,0.41661305711483065,0.463954495414805
B07_2022_003,53745.0,-0.5148829749733671,-1.072606709013139,2.4557891062443473,2.496199855172297,2.4804668714430376,2022-09-24T00:00,1.1720410766576548,2.096737281198593,-0.668463846054432,3.469446951953614e-18,2.0603621307095703,-0.4981235647849354,0.48191719421336143,0.1747531650446409,-0.10922217035371128,-0.028805941667995674,-0.021368194741851733,0.6178464217071308,1.7982269104793518,0.1611172269082047,1.234906475264723,-1.5323788049849814,-0.47451253871143695,-0.8670080695967765,-0.0034734013460370953,-1.1663635043945806,0.07200849151119523,0.9218526626764394,-0.8776051505065734,-1.1397337654561916,-0.3672437220584617,0.10677729959131146,-0.9741677809805719,0.036476667367970575
B07_2022_004,53746.0,-0.0036628144720684845,-1.506312281228386,-0.6231106687485659,-0.6466839003037039,-0.6368034949959216,2022-09-17T00:00,-1.6336633932952032,-1.1834347142388886,0.43856499867097964,3.469446951953614e-18,-1.0344609374527354,0.019669242439681885,-0.8101615239980928,-0.9424510866134056,-0.8532395842763582,0.5142581710769535,-0.5336259828860206,2.3588368130450625,-0.452207092551933,-0.5973357037845691,0.6854218905932036,0.5866751635977939,-0.04587959976166088,0.10135885705717701,0.5562671769168714,1.1049718820883458,-0.8207783160895787,-0.41125343031430384,0.28633517299197564,0.6555499350127126,-0.21708524241898214,-0.5205902583475576,-0.10201141581986671,-0.6149041424127699
B07_2022_007,53756.0,-0.362675864214544,-0.521659726867549,-0.6231106687485659,-0.6466839003037039,-0.6368034949959216,2022-09-25T00:00,-0.7703697102327887,-0.9593690701182914,2.336328732485971,3.469446951953614e-18,0.3198808108764354,2.03773351675101,-0.0291898936867391,2.255831084842359,2.1664930651890315,1.4362042229462852,1.7325433134840487,-0.31068178700643284,-0.6101322857471106,-0.5973357037845691,-0.9430506057969363,-0.4487716619596987,-1.1946158761470609,-1.1406769836511548,-1.7366460352444413,0.13631414373532189,0.667199696578378,-1.1468100713249145,-0.436307694458835,-0.4063432638125215,-0.3753339586689582,2.039356117709921,1.19506350875961,1.9720457030143943
B07_2022_007,53758.0,-0.362675864214544,-0.521659726867549,0.696417806248397,0.7501533243522964,0.727002290321123,2022-09-25T00:00,-0.2847670135101742,-0.5348777351558752,0.28041802085306355,3.469446951953614e-18,-0.6920711696167089,-0.3786329169638698,0.43693977047815247,2.255831084842359,2.1664930651890315,1.3625327347832108,1.8118693226717288,-0.09965264866244111,2.449668332409461,-2.0121421321922437,0.016049760175170506,-1.6527795986544573,-1.657539450212819,-1.87046075446283,-1.790596934354119,1.405589800887565,0.9647952991119692,1.259926119923293,-2.2654686771114414,-2.693708449062557,-1.2662645503221763,2.039356117709921,-1.6216139607285582,2.124387801959587
B07_2022_008,53761.0,0.6026760593517173,-0.7739411276493311,-0.6231106687485659,-0.6466839003037039,-0.6368034949959216,2022-09-13T00:00,-0.8782814206155887,0.36344048943771173,1.861887799032223,3.469446951953614e-18,1.6894398822205414,2.3829287215674215,0.7681371634374179,-0.08972784147032524,-0.13367344686760102,0.3374465994855746,0.05997457739127749,1.5252717165862952,0.613787961515518,-0.37855120454626895,0.6954125194054132,0.36995373499273726,-0.7574102784182892,-0.5442190940454588,-0.05742430045571485,0.2031181256907356,0.22080629277799083,-1.1468100713249145,0.8472636488152796,0.7115972705085368,0.8531271902857339,0.044268179496256214,1.9008177541615203,-0.07490990381213337
B07_2022_014,53787.0,0.20082524972845095,0.024837610047814825,-0.6231106687485659,-0.6466839003037039,-0.6368034949959216,2022-08-23T00:00,-1.687619248486608,-0.39303801548320366,-0.03587593478276816,3.469446951953614e-18,-0.40294203233295306,-0.09982140538138372,-0.6057186888380526,-0.58448972434746,-0.8427604657704054,-0.9528568931991296,-0.8610138343639867,-0.943769202038408,-0.6496135840459053,0.6570287585150182,-0.40355664993762574,0.923797385872326,1.1542926292977123,1.18200020998985,0.8597409844088099,-0.1309017840861905,-0.8207783160895787,-0.7899502951524445,1.1151145989623337,0.770127325366897,1.3249927792537683,-0.8917963877527816,0.4130202192081392,-0.7430799385118394
B07_2022_016,53801.0,-0.6480320041820058,-0.6987016719378383,2.4557891062443473,2.496199855172297,2.4804668714430376,2022-09-24T00:00,-1.2020165517639982,0.47033419122001496,-1.1429047795081797,3.469446951953614e-18,-0.18989951012387046,-1.0690233265966926,-1.0841149231125466,0.14055303489184345,1.2286119589062594,1.9224360448225766,0.5917277406747913,2.3588368130450625,-1.3405363042748084,-1.5454018671505365,-0.0039314974492479565,-1.1711764239765539,-0.35449531580549976,-0.663510671966598,-0.6441403282734627,-2.435639161546776,-0.37438491228919174,1.7226797194414278,-1.287821035101879,-1.0768914197085544,-1.2779531787865552,0.5376149302336525,-1.5876263856897446,0.3772006490712165
B07_2022_017,53802.0,-0.8240187932714355,-1.2253104430512856,-0.6231106687485659,-0.6466839003037039,-0.6368034949959216,2022-09-04T00:00,-0.33872286870157897,-0.0826351506922846,-0.5103168682365159,3.469446951953614e-18,-0.19750817163133755,-0.21931205320244918,-1.1331812035509563,-1.1020516939931266,-1.0034402828616813,2.383409070757242,0.08955376725786976,2.3588368130450625,0.5940473123661204,-0.9036340027181896,1.604559741316472,-1.2915772176460296,-0.9545814303351863,-1.1897970451480946,-0.06416816284442517,1.3387858189321513,-0.8207783160895787,0.6483270704560578,-1.0012909263530283,-1.5293444763110884,-0.13799224912886948,0.3289976568531058,-1.0240007785256264,0.39723433373074535
B07_2022_018,53807.0,-1.4635805389867333,0.40541711496850263,-0.6231106687485659,-0.6466839003037039,-0.6368034949959216,2022-08-22T00:00,-0.8782814206155887,0.055093272757990766,-0.19402291260068424,3.469446951953614e-18,-0.06816092600439431,-0.21931205320244918,0.38378463333654206,-0.7691704271725657,-0.741462320212862,-0.9444372945519212,-0.7299242429097703,-0.7538429775288154,-0.31402254850615213,1.050840857143959,0.12594667710947455,1.140518814477383,0.4427619506410838,0.6627309884507734,0.7181198742459056,-0.6319316487515084,-0.37438491228919174,-0.3266347117348252,0.6335235520449464,0.770127325366897,0.34680799754159825,-0.7409616757891264,0.10451968134347872,-0.7430799385118394
B07_2022_019,53814.0,-1.6609432844094802,0.195205087272717,0.696417806248397,0.7501533243522964,0.727002290321123,2022-08-22T00:00,0.2008356832124355,1.6225249575465726,-0.9847578016902638,3.469446951953614e-18,0.928573731473816,-0.896425724188487,-1.1863363406925669,-1.0587315291329165,-0.9894681248537442,-0.8918148030068679,-1.1043698964482243,0.3224056280255423,2.2917431392142826,0.6570287585150182,1.684484771814148,-0.5691724556291745,0.15986421093423153,-0.0670527823609018,1.0688007184588115,-1.8678053149260447,-1.267171719889966,1.1342825766814677,-0.08640367801088215,-0.03879275188508947,-0.11789662146629673,-0.7416082691551406,-0.898013048528457,-0.7430799385118394
B07_2022_020,53817.0,0.24366300960924187,-0.9819283327300037,-0.6231106687485659,-0.6466839003037039,-0.6368034949959216,2022-08-28T00:00,-1.1480606965725935,-0.08571862285908192,-0.19402291260068424,3.469446951953614e-18,-0.372507386303084,-0.5246770420785054,-0.7488286734500808,-0.8945709043994894,-0.9615238088378701,-0.9970597860969743,-1.012271055272698,-0.1629613901656386,1.9758927528239267,-0.3202086714160558,0.6254781177199468,2.726799271072727,-0.6116750791753655,0.5574737138144741,0.9541550578507467,-2.6151748630517426,-0.9695761173563745,0.2143952166400393,0.5122889848841726,0.770127325366897,0.1005621228036613,-0.8309182823726934,-0.29830460384536056,-0.7430799385118394
B07_2022_022,53827.0,0.3934663983707757,-0.7363213997936087,-0.6231106687485659,-0.6466839003037039,-0.6368034949959216,2022-09-03T00:00,-0.7703697102327887,0.543309699167549,0.9130059321247274,3.469446951953614e-18,1.0883556231306284,1.0552548568889162,0.7763148768438193,-0.13760802368424152,-0.21750639491522328,-0.12563132611089353,-0.11615605317797746,0.04806774817835331,-0.07713475871338515,0.2778022931686316,0.09597479067284649,0.4181140524605274,-0.06302491731965217,0.03820449227539752,0.09768453448460905,-0.8657455855953614,0.07200849151119523,-1.1468100713249145,0.6223760393249892,0.770127325366897,0.3241657009989125,-0.27215185937649794,0.9758466717724512,-0.3800277856951384
B07_2022_027,53853.0,0.47665234892085107,-0.8358990665372441,2.4557891062443473,2.496199855172297,2.4804668714430376,2022-09-03T00:00,-0.9322372758069887,0.0777054019811702,-0.5103168682365159,3.469446951953614e-18,-0.18229084861640268,-0.44501661019779515,-0.5770966919156469,-0.6551699933299079,-0.7519414387188147,-0.8097237161965849,-0.8132837779883489,-0.943769202038408,-0.5114290400001245,0.7153712916452319,-0.29365973300332243,0.7793164334689554,1.04284806517077,1.048674328783871,0.8057900852991321,-0.4315197028854097,-0.8207783160895787,-0.17080460474927556,0.8185648927045797,0.770127325366897,0.7226551495587754,-0.8502259335534689,0.11639619319017772,-0.7430799385118394
B07_2022_028,53854.0,0.3316564041539567,-0.8557876323391126,-0.6231106687485659,-0.6466839003037039,-0.6368034949959216,2022-09-03T00:00,-1.3638841173381984,0.06331586520278353,-0.5103168682365159,3.469446951953614e-18,-0.38772470931801883,-0.7902118150142066,-0.6343406857604582,-0.8854508696920768,-0.9789890063477915,-1.0117940837295893,-0.9994982232848513,-1.0281808573760045,-0.5311696891495217,1.1529402901218322,-0.0438940126980863,1.477641036751915,0.8028136193588956,1.055691480426291,0.981130507405585,-0.9993535495061413,-0.9695761173563745,0.37448034457882406,0.715860212523828,0.770127325366897,0.5140462981141977,-0.9173142244290963,-0.2870392102220429,-0.7430799385118394
B07_2022_030,53863.0,-1.7109063630680437,-0.3889119774983693,-0.6231106687485659,-0.6466839003037039,-0.6368034949959216,2022-09-19T00:00,0.2008356832124355,0.33980053615893346,-0.9847578016902638,3.469446951953614e-18,-0.4105506938404208,-1.2416209290048983,0.9562245717846548,-0.053247702640674716,-0.3746931725045148,-0.4055829811305765,-0.18203697606266062,-0.22627013166883606,-0.47194774170133014,0.1902884934733113,-0.29365973300332243,-0.03940896348348093,0.5542065147680256,0.4101135293236549,0.1920986079265449,0.5371380354676142,0.07200849151119523,1.432134043408095,-0.3103983956946167,0.5681289561804116,-1.3213326362101572,-0.4191187408835517,-0.9147147081059182,-0.4902347946625043
B07_2022_030,53867.0,-1.7109063630680437,-0.3889119774983693,2.4557891062443473,2.496199855172297,2.4804668714430376,2022-09-19T00:00,0.3087473935952355,0.44669423794123664,-1.1429047795081797,3.469446951953614e-18,-0.11381289504919753,-0.896425724188487,0.30200749927252607,0.0379526444334514,-0.5039356340779324,-0.7192130307390935,-0.387074542183358,-0.5639167530192227,-0.3337631976555493,0.7737138247754451,0.016049760175170506,0.27363310005715646,0.3827533391881152,0.36099346782671554,0.3539513052555791,-1.633991378082239,-0.22558711102239612,0.9090073164025144,-0.07791611330977044,0.6488974231840635,-0.9487310772658971,-0.5135830428069093,-0.5952409045598853,-0.5798522430094024
B07_2022_031,53868.0,-1.0047271791413483,-0.04156997407032427,-0.6231106687485659,-0.6466839003037039,-0.6368034949959216,2022-09-21T00:00,-0.8243255654241887,-0.9429238852287063,0.43856499867097964,3.469446951953614e-18,-0.40294203233295306,0.7498898680128596,-0.09461160093795203,-0.5183694727187186,-0.6576293721652398,0.08696353973112149,-0.3884190508136578,-0.606122580688021,-0.5706509874483163,0.029846527365224817,-0.6333411126184434,0.5625950048638984,0.8799675483698552,0.8521940827961123,0.3876706171991278,-0.030695811153117415,-0.5231827135559876,-1.1468100713249145,1.1426370881224233,0.770127325366897,1.380895147504929,-0.6348119516478722,1.1822602462005314,-0.6425716732352371
B07_2022_031,53870.0,-1.0047271791413483,-0.04156997407032427,0.696417806248397,0.7501533243522964,0.727002290321123,2022-09-21T00:00,0.2547915384038355,-0.9110613395051349,-0.8266108238723479,3.469446951953614e-18,-1.4985892894082375,-1.2150674517113282,-1.120914633441354,-1.0724115811940353,-1.0209054803716024,-0.89391970266867,-1.1036976421330746,-0.9226662882040086,-0.8667607246892748,-0.1014241721777556,-1.0229756362946116,0.5385148461300033,2.148721047661193,1.8837153742318453,1.11600775517978,0.5037360444899073,-1.267171719889966,0.614367186244368,1.1140196483574072,0.770127325366897,1.3227687677707447,-1.0784250386941527,0.11620479902131607,-0.7430799385118394
B07_2022_031,53871.0,-1.0047271791413483,-0.04156997407032427,1.5761034562463723,1.4485719366802963,1.5063198819308627,2022-09-21T00:00,0.3087473935952355,-0.9162004597831302,-0.9847578016902638,3.469446951953614e-18,-1.414894012826098,-1.0557465879499077,-1.1740697705829644,-1.0632915464866228,-1.0313845988775554,-0.9654862911699423,-1.1359658492602662,-1.1547983403823996,-1.04442656703385,-0.1305954387428622,-1.2427694701632193,0.2013926238554708,2.474482081263022,2.052127013649925,1.1294954799571997,-0.4315197028854097,-1.267171719889966,0.2723598417011243,1.2814144111092378,0.770127325366897,1.6627730317832539,-1.1100266999555914,0.39756430062449344,-0.7430799385118394
B07_2022_031,53872.0,-1.0047271791413483,-0.04156997407032427,2.4557891062443473,2.496199855172297,2.4804668714430376,2022-09-21T00:00,0.3627032487866355,-1.0580401794558019,-0.9847578016902638,3.469446951953614e-18,-1.3768507052887615,-0.7769350763674215,-1.1045592066285508,-1.0610115378097695,-1.027891559375571,-0.9949548864351723,-1.1312600690542176,-1.1125925127136014,-0.7680574789422886,-0.05766727233009546,-1.0329662651068212,0.27363310005715646,2.2858835881251207,1.9188011324439451,1.1429832047346193,0.47033405351224794,-1.267171719889966,-0.10087775097059826,1.2814144111092378,0.770127325366897,1.6627730317832539,-1.0907570967516378,0.5912048326254191,-0.7430799385118394
B07_2022_033,53878.0,0.16039121184494926,-1.2894932045543117,-0.6231106687485659,-0.6466839003037039,-0.6368034949959216,2022-09-17T00:00,-0.014987737553169332,1.126085938692222,0.9130059321247274,3.469446951953614e-18,1.7655264972952136,1.334066368471402,2.3893688462565366,2.0717203841864666,0.9875922332693458,0.6594962477413001,1.4219618198848285,0.38571436952874,-0.6693542331953024,-0.6556782369147826,-0.6832942566794906,-1.1230161065087636,-0.8088462310922625,-1.0213854057300158,-1.4466599525299226,-0.9325495675507276,2.006379907979539,-1.1468100713249145,-0.6000386767008462,-0.5402010515760084,-0.5428202861272915,1.7161452312063603,0.6315688555005023,1.4573520673041094
B07_2022_033,53881.0,0.16039121184494926,-1.2894932045543117,1.5761034562463723,1.4485719366802963,1.5063198819308627,2022-09-17T00:00,1.2799527870404548,2.082990134454956,-0.3521698904186001,3.469446951953614e-18,2.0603621307095703,1.2809594138842617,-0.25407701236278346,-0.32000871783249396,-0.4008909687693968,-0.3624325380636329,-0.31514333046232657,-0.19461576091723723,-0.17583800446037165,0.08089624385416173,0.10097010507895092,0.14119222702073286,-0.17875581083609182,0.06276452302386745,0.32360392450638603,0.10291215275766251,-0.20326744083237677,-1.1468100713249145,0.662219001983151,0.770127325366897,0.4050928278215729,-0.17923179095427758,1.404861928027062,-0.2997410150336397
B07_2022_034,53884.0,-0.15346620323354132,-1.1788588436021614,-0.18326784374957827,0.051734712024296185,-0.052315301288616785,2022-09-24T00:00,-0.17685530312737416,-0.7332477778864958,0.1222710430351477,3.469446951953614e-18,-0.7225058156465779,-0.12637488267495384,-0.9410049385005185,-0.38156895210752917,-0.4724982785600741,-0.7991992178875743,-0.7353022774309689,-1.2181070818855972,-1.04442656703385,0.5257580589720383,-0.8231630600504227,0.15323230638768062,1.6257888621424659,1.3433946977655091,0.7316075990233244,-0.23110775701926356,-0.9695761173563745,-0.8326610715132439,1.1631521343483102,0.770127325366897,1.4225643316451537,-0.8765088964183683,0.7437191228682551,-0.7430799385118394
B07_2022_035,53888.0,-0.2343342790005447,-0.5128278552741473,-0.6231106687485659,-0.6466839003037039,-0.6368034949959216,2022-09-25T00:00,-0.8782814206155887,0.40044215543927825,-0.03587593478276816,3.469446951953614e-18,0.4568367180108464,0.16571336755431731,0.21614150850530903,0.14739306092240298,-0.06031961732593162,0.07012434243670446,-0.032796518099398916,-0.3950934423440294,0.08079043448179214,0.9633270574486387,0.43565617028796744,0.08099183018599493,-0.3287773394685132,-0.27756733163350045,0.023502048208801304,-0.39811771190770284,-0.07678930975560055,-0.44408934672702316,-0.10614301558157188,0.11433352835614465,-0.3468287736833593,-0.11639798093512901,-0.10718577396399064,-0.24139671312569322
B07_2022_038,53902.0,-0.8334619868323409,-1.256255703061669,-0.6231106687485659,-0.6466839003037039,-0.6368034949959216,2022-09-04T00:00,-0.23081115831877416,-0.16177760297341293,0.28041802085306355,3.469446951953614e-18,0.24379419580176315,0.6702294361321496,-0.8674055178429041,-0.9834912427967624,-1.0034402828616813,-0.7928845189021679,-1.000842731915151,1.6729921134270893,2.2522618409154878,0.263216659886078,2.034156780241478,-0.015328804749585413,-0.423076586037464,-0.38282460626979975,1.001362094571714,-0.06409780213082426,-0.9695761173563745,-1.1468100713249145,0.4823475945427493,0.17861330440020645,0.7692141337009826,-0.6262987612440613,0.38423386465293724,-0.7430799385118394
B07_2022_041,53915.0,-0.025038770805385826,-0.5725609715469472,-0.6231106687485659,-0.6466839003037039,-0.6368034949959216,2022-08-27T00:00,-1.0941048413811936,-0.5595455124902531,0.9130059321247274,3.469446951953614e-18,-0.03772627997452528,0.7897200839532148,-0.04554532049954233,-0.6392099325919358,-0.7135180041969879,-0.5929190510309659,-0.6438756905705922,2.3588368130450625,0.23871562767697013,-1.1078328686739363,0.5555437160344804,0.6107553223316889,0.14271889337624052,0.26275334483283624,0.6237058008039689,-1.0327555404838007,-0.5231827135559876,-1.1468100713249145,0.8538740927553979,0.770127325366897,0.7943735138540002,-0.6137707880709811,0.8166873102984544,-0.6923395021461871
B07_2022_042,53919.0,-0.09637780579720553,0.5293329927442806,-0.6231106687485659,-0.6466839003037039,-0.6368034949959216,2022-09-13T00:00,-1.1480606965725935,-1.0230941615654334,1.0711529099426436,3.469446951953614e-18,-0.22794281766120658,1.1880222433567666,0.8580920109078355,-0.5936097590548727,-0.7274901622049249,-0.6139680476489872,-0.4919462153467312,0.17468523118474827,0.5150847157685318,-0.05766727233009546,0.22585296523156898,0.8515569096706402,0.11700091703925392,0.31187340632977567,0.4483653786975159,-2.168423233725264,-0.07678930975560055,-1.1468100713249145,1.038194976068112,0.770127325366897,1.1687573072453468,-0.5532786682839119,1.230887796261004,-0.6236495792834071
B07_2022_046,53938.0,-1.0831915329109405,0.22176812091997264,-0.6231106687485659,-0.6466839003037039,-0.6368034949959216,2022-09-05T00:00,-1.2559724069553984,0.08284452225916561,0.1222710430351477,3.469446951953614e-18,0.03836033510014765,-0.07326792808781359,-0.0291898936867391,-0.7463703404040342,-0.8322813472644526,-0.7718355222841466,-0.7527808896248643,1.8629183379366816,1.0283415936528595,-0.5535788039369093,0.9451782397106493,1.0441981795418018,-0.16589682266759836,0.1364446152692768,0.7653269109668731,0.570540026445321,-0.5231827135559876,-0.2819168500187244,0.3508361197664224,0.6689262078815925,-0.1025698946017622,-0.6341987201512675,-0.1272385103927399,-0.7339938118517896
B07_2022_047,53943.0,0.18897833417025628,-0.9907602043234054,-0.6231106687485659,-0.6466839003037039,-0.6368034949959216,2022-08-28T00:00,-0.446634579084379,0.8413786752912792,-0.5103168682365159,3.469446951953614e-18,0.6850965632348638,-0.11309814402816878,0.8948917212366426,0.4209941021447817,0.11433235777328127,-0.184568516641353,0.11308266828811384,-0.6905342360256178,-0.017912811265194013,1.0945977569916185,0.335749882165873,-0.2561303920885371,-0.3202046806895178,-0.3687903029849599,-0.1316067867315226,-0.8323435946176545,0.22080629277799083,0.0473254316648068,-0.3778134793610889,-0.16119871700338534,-0.5588407097121533,0.01761893631900554,-0.395986143605699,-0.11597590677915647
B07_2022_050,53954.0,-0.2675571508920567,0.7107571641776975,-0.6231106687485659,-0.6466839003037039,-0.6368034949959216,2022-09-18T00:00,-0.500590434275779,2.070656245787767,2.336328732485971,3.469446951953614e-18,2.0603621307095703,2.751358219015707,2.3893688462565366,0.557794622755971,0.9561548777514874,0.5668806626220066,1.1745722319096918,2.3588368130450625,0.14001238192998397,-1.5016449673028767,0.6254781177199468,-1.628699439920562,-1.4175050044009447,-1.6669633568326514,-1.1836493193702422,-0.1977057660415567,2.30397551051313,-1.1468100713249145,-0.09176946165644329,-0.828087910223673,0.8445800503359574,1.83544011096526,1.7720195518952846,2.124387801959587
B07_2022_050,53955.0,-0.2675571508920567,0.7107571641776975,-0.18326784374957827,0.051734712024296185,-0.052315301288616785,2022-09-18T00:00,1.0641293662748548,2.096737281198593,0.28041802085306355,3.469446951953614e-18,2.0603621307095703,1.334066368471402,2.25239214669931,0.7971955338255523,0.7954750606602116,0.45111118122288946,0.7806312032318928,0.04806774817835331,1.6600423664335706,-0.4077224711113758,0.5055905719734332,-1.5323788049849814,-0.868854842545231,-1.1897970451480946,-0.805993025602497,-1.0661575314615075,1.113593100378765,-1.1468100713249145,-0.4571190388305157,-0.8107676778327245,0.08113972686276914,1.0100281956335344,0.5850298523353209,1.1046833813260244
B07_2022_051,53959.0,-0.5481916940790353,-0.3070654728086357,-0.6231106687485659,-0.6466839003037039,-0.6368034949959216,2022-09-21T00:00,-0.17685530312737416,-2.045779096886508,0.7548589543068114,3.469446951953614e-18,-1.2551121211692853,0.9755944250082058,1.5859085040775787,2.255831084842359,2.1664930651890315,2.2423807934165008,2.5437021765017103,0.17468523118474827,-1.5576834449181778,-1.69125819997607,-1.9421134870178804,-1.6768597573883524,-1.2031885349260565,-1.5055688690569924,-2.540008642299488,-0.9325495675507276,2.006379907979539,-1.085794676523772,-1.6645141603612634,-1.4839055170975353,-1.5411359531355646,2.039356117709921,-0.04970372524936264,2.124387801959587
B07_2022_051,53961.0,-0.5481916940790353,-0.3070654728086357,0.696417806248397,0.7501533243522964,0.727002290321123,2022-09-21T00:00,0.1468798280210307,0.1948773443194642,-0.9847578016902638,3.469446951953614e-18,-0.425768016855355,-1.0557465879499077,-0.7897172404820888,0.6877551173366008,2.1664930651890315,2.383409070757242,1.7547277058839934,0.259096886522345,-0.9852046195856581,-1.0786616021088296,-1.1928163261021725,-1.0266954715731829,-0.7831282547552758,-0.9722653442330759,-1.7433898976331512,0.9045599362221997,0.07200849151119523,1.864058811868812,-1.971268821589294,-1.5667885524742566,-2.0619882979327078,2.039356117709921,-1.6688547425128972,1.6748070219602318
B07_2022_055,53974.0,-0.19862183789746524,-1.4377472933622322,-0.6231106687485659,-0.6466839003037039,-0.6368034949959216,2022-09-12T00:00,-1.9034426692522128,-1.6562337798144606,0.7548589543068114,3.469446951953614e-18,-1.2322861366468838,0.40469466319644853,1.5245756535295665,-0.023607589841583714,-0.430581804536263,-0.5424014591477148,-0.1349791740021727,-0.26847595933763446,-0.5311696891495217,-0.8307058363054228,-1.0429568939190308,-0.2561303920885371,1.1885832644136942,0.866228386080952,0.12465998403944746,-0.4649216938630691,0.3696040940447864,-1.1468100713249145,0.8658004353640251,0.770127325366897,0.818597732547266,-0.516639491240174,0.6885841710665038,-0.5404123365408878
B07_2022_055,53977.0,-0.19862183789746524,-1.4377472933622322,1.5761034562463723,1.4485719366802963,1.5063198819308627,2022-09-12T00:00,-1.741575103678008,-1.1875460104612847,-0.19402291260068424,3.469446951953614e-18,-1.1638081830796787,-0.2060353145556641,0.3551626364141365,-0.053247702640674716,-0.430581804536263,-0.6034435493399765,-0.35413408074101654,0.47012602486633676,1.146785488549243,-1.55998750043309,-0.3436128770643696,0.6348354810655841,0.5713518323260166,0.6206280785962536,0.3606951676442885,0.33672608960146805,-0.07678930975560055,-0.3255910273500691,0.4579606855756587,0.770127325366897,-0.009786929447321105,-0.5630008653422907,-0.030534088231324086,-0.6005902171144988
B07_2022_061,54004.0,-0.3983883053175625,0.28595088242299865,-0.6231106687485659,-0.6466839003037039,-0.6368034949959216,2022-08-21T00:00,-0.7164138550413839,0.24215725087702153,-0.9847578016902638,3.469446951953614e-18,0.1600989192196231,-0.09982140538138372,-0.1314113112667592,-0.5890497417011664,-0.811323110252547,-0.9275980972575041,-0.7702595018187599,-0.8171517190320128,-0.21531930275916597,0.890398891035872,0.03603101779958968,0.7070759572672698,0.7856683018009043,0.8171083245840126,0.8057900852991321,1.7062077196867367,-0.6719805148227831,-0.5979123683572714,0.8218829281594143,0.770127325366897,0.7293945850359831,-0.7889337254020218,0.3427416235193051,-0.7430799385118394
B07_2022_061,54005.0,-0.3983883053175625,0.28595088242299865,-0.18326784374957827,0.051734712024296185,-0.052315301288616785,2022-08-21T00:00,-0.06894359274457414,0.7149563164525938,-1.3801252462350537,3.469446951953614e-18,0.15249025771215602,-0.8565955082481319,-0.23363272884677933,-0.6825300974521458,-0.8183091892565157,-0.9528568931991296,-0.8233675927155962,-0.7538429775288154,0.14001238192998397,1.9551501206622663,0.9751501261472773,1.4054005605502293,-0.22590543412056696,0.19258182840863672,0.8395093972426808,0.7375499813337604,-0.6719805148227831,0.9342965918793035,0.0026668520264147744,0.39675584304217726,-0.47410849706756253,-0.6785766508968729,-0.7166687524287494,-0.7430799385118394
B07_2022_061,54007.0,-0.3983883053175625,0.28595088242299865,1.5761034562463723,1.4485719366802963,1.5063198819308627,2022-08-21T00:00,-0.014987737553169332,0.7447632140649668,-0.9847578016902638,3.469446951953614e-18,0.32748947238390314,-0.5910607353124308,0.5432500447613733,-0.6528899846530547,-0.8741978212882637,-0.9823254884643593,-0.7070675961946762,-0.8171517190320128,-0.017912811265194013,0.9049845243184255,0.1459279347338937,0.36995373499273726,0.7085143727899448,0.6557138368083533,0.724863736634615,0.8377559542668334,-0.37438491228919174,0.26826538757631074,0.42169956407475184,0.770127325366897,-0.08343879122308132,-0.7299989805326188,-0.14154606396321814,-0.7430799385118394
B07_2022_062,54009.0,0.6264557376823239,-1.550539058062349,-0.6231106687485659,-0.6466839003037039,-0.6368034949959216,2022-08-29T00:00,-0.8243255654241887,-0.0959968634150724,-0.668463846054432,3.469446951953614e-18,-0.33446407876574785,-0.44501661019779515,-0.6711403960892655,-0.03956765057955587,2.1664930651890315,2.383409070757242,1.88380053439276,2.3588368130450625,-1.3010550059760138,-1.9100426992143702,-0.5034629380597202,-1.6046192811866669,-1.3403510753899848,-1.596791840408452,-1.878267145407346,0.6373440084006873,0.07200849151119523,1.221470364515732,-2.1378455473793823,-2.2876224177488544,-1.5113835154608977,2.039356117709921,-1.530987142876593,2.124387801959587
B07_2022_072,54052.0,-0.819211349276796,-0.2561642281292375,0.696417806248397,0.7501533243522964,0.727002290321123,2022-09-11T00:00,0.6324825247436452,2.096737281198593,-0.9847578016902638,3.469446951953614e-18,2.0603621307095703,-0.418463132904225,-0.26225472576918507,-0.5525696028715159,-0.4515400415481685,-0.3382261919529084,-0.5228699138436234,-0.9859750297072062,0.5348253649179286,2.844873750898021,1.7843910599362425,-0.7377335667664405,-0.5773844440593835,-0.7196478851059576,0.5090601401959031,-0.6987356307069221,-0.5231827135559876,0.7176116569210381,-0.5275224571320423,-0.8661378752519058,0.00642335148908646,-0.28390012105758533,-0.8342351389960289,-0.42961657178767115
B07_2022_075,54066.0,-1.137876208349987,-0.10346049409109082,1.5761034562463723,1.4485719366802963,1.5063198819308627,2022-09-20T00:00,0.1468798280210307,-0.0959968634150724,-1.1429047795081797,3.469446951953614e-18,-0.4181593553478879,-0.5910607353124308,-1.080026066409346,-0.9698111907356435,-0.7135180041969879,1.383581731401232,-0.28153061470483515,1.1032134398983118,0.49534406661913427,-0.4806506375241425,0.36572176860250105,-0.47285182069359377,0.21130016360820478,0.0031187340632977466,0.2460495070362236,-1.7341973510153121,-0.9695761173563745,0.6117178335753697,-0.20993952513377798,0.21520202926890217,-0.6820484544803895,-0.35871351431581855,-0.557223978597679,-0.46182171220453777
B07_2022_080,54080.0,-0.10350312457497797,-1.7850892967902774,-0.18326784374957827,0.051734712024296185,-0.052315301288616785,2022-09-17T00:00,-0.446634579084379,-1.4208620710822737,-0.3521698904186001,3.469446951953614e-18,-1.5975018890053119,-0.5910607353124308,-1.1822474839893662,-0.9948912861810281,0.39028247843003766,2.383409070757242,1.1362537359461518,2.3588368130450625,-0.8075387772410829,-1.7641863663888366,0.48560931434901466,-1.7972605510578283,-1.1517525822520833,-1.4985517174145724,-1.1162106954831448,1.2385798459990782,-0.6719805148227831,1.4020277630785847,-1.842016079434621,-2.1973503881868126,-1.021834165654121,1.6570571113281978,-1.5946978965602978,2.124387801959587
B07_2022_083,54089.0,-0.33657831110074343,-1.4709173759877285,-0.6231106687485659,-0.6466839003037039,-0.6368034949959216,2022-09-12T00:00,-1.1480606965725935,-2.2293741688178916,2.336328732485971,3.469446951953614e-18,-1.4529373203634341,1.6261546187006735,1.1320454100222894,1.8482795338548574,1.522027277072937,0.8847205115541279,1.1846560466369391,0.660052249375929,-0.39298514510374116,-1.005733435696063,-0.6533223702428619,-0.42469150322580357,-0.7402649608602982,-0.7617507949604772,-1.176905456981533,0.6373440084006873,0.9647952991119692,-1.1468100713249145,-0.16579745339472,0.012039502078514015,-0.34184487917674816,1.2280117292390385,1.0005499507252829,0.9154876433572906
B07_2022_086,54098.0,-1.3257099129976113,-0.4176998337607859,-0.6231106687485659,-0.6466839003037039,-0.6368034949959216,2022-09-10T00:00,-0.6085021446585838,-0.2501704717549329,0.1222710430351477,3.469446951953614e-18,-0.03011761846705819,0.3250342313157381,-0.4135424237876148,-0.7372503056966215,-0.8287883077624684,-0.5445063588095169,-0.7413525662673174,0.0691706620127524,0.5545660140673261,1.1091833902741721,0.9951313837716965,0.9478775446062214,-0.191614799004585,0.0873245537723374,0.7518391861894543,0.47033405351224794,-0.6719805148227831,-0.889501728775362,0.5233839294614665,0.770127325366897,0.12309764544038301,-0.6174089450105325,0.30949276281644633,-0.7227904934664228
B07_2022_089,54108.0,-0.42448585843130204,-0.6743634609056957,-0.6231106687485659,-0.6466839003037039,-0.6368034949959216,2022-09-25T00:00,-0.446634579084379,-0.5914080582138241,-0.5103168682365159,3.469446951953614e-18,-0.6616365235868399,-0.2458655304960193,-0.7529175301532816,-0.8808908523383703,-0.4969495550739638,1.1751966648828214,-0.22573350654739946,1.124316353732711,0.27819692597576445,-0.028496005764988876,0.5755249736588995,0.466274369928318,-0.34592265702650415,-0.17932720863962118,0.2123301950926749,-0.6319316487515084,-0.8207783160895787,0.1587588105911023,-0.17732570183962382,0.08177191715265382,-0.45125598939750605,-0.27120249868764723,-0.4038433779063139,-0.38680975769571896
B07_2022_092,54118.0,0.10098493962554145,-0.7451532713869624,-0.6231106687485659,-0.6466839003037039,-0.6368034949959216,2022-08-27T00:00,-1.2559724069553984,0.01500813458962698,-0.3521698904186001,3.469446951953614e-18,-0.29642077122841176,-0.5512305193720756,-0.9491826519069201,-0.8717708176309577,-0.8986490978021535,-0.940227495228317,-1.008237529381799,0.533434766369534,0.12027173278058717,0.729956924927785,0.7353750346542508,1.5258013542197053,0.15129155215523588,0.5364222588872144,1.0081059569604245,-0.09749979310848364,-1.11837391862317,0.26770340367682643,0.4817480986824413,0.770127325366897,0.03852893033930575,-0.8253497877943451,-0.35210651204995663,-0.7430799385118394
B07_2022_097,54135.0,-1.4374829858729936,0.09562742052908155,-0.6231106687485659,-0.6466839003037039,-0.6368034949959216,2022-09-20T00:00,-0.12289944793597414,0.6861772428958198,-0.8266108238723479,3.469446951953614e-18,0.06118631962254892,-0.9628094174224121,-0.912382941578113,-0.8649307916003982,-0.7379692807108776,-0.3298065933056999,-0.7742930277096588,-0.47950509768162614,-0.1955786536097688,1.240454089817152,0.445646799100177,1.092358497009592,0.27130877506117335,0.5083536523175347,0.785558498133003,0.5371380354676142,-0.9695761173563745,0.9370262279625124,0.14799849150935493,0.770127325366897,-0.6393673651354945,-0.7266306407345906,-0.6189301301969963,-0.7430799385118394
B07_2022_101,54150.0,-1.1972824805694557,-0.5017711610656804,-0.6231106687485659,-0.6466839003037039,-0.6368034949959216,2022-09-11T00:00,-0.7164138550413839,-0.27997736936730583,0.43856499867097964,3.469446951953614e-18,-0.23555147916867367,0.019669242439681885,2.0929267352744785,-0.05780771999438113,0.1667279503030451,1.890862549895545,0.8411340915953772,1.9684329071086775,-0.23505995190856313,-0.9328052692832962,0.09597479067284649,-0.7136534080325455,-0.8002735723132668,-0.8950766761664565,-0.7992491632137867,2.2740415663074685,0.9647952991119692,0.11315783131867053,-0.9733837040988108,-0.9453026036728562,-0.8015611547652873,0.9099166752814372,-0.6256087793525188,0.7806289981000927
B07_2022_104,54156.0,-0.21287247545301013,0.1575853594169466,-0.18326784374957827,0.051734712024296185,-0.052315301288616785,2022-08-21T00:00,-1.3638841173381984,-0.0980525115262705,-0.5103168682365159,3.469446951953614e-18,-0.517071954944962,-0.7636583377206364,-0.5075861279612333,-0.787410496587391,-0.9405655718259646,-1.0054793847441827,-0.9403398435516663,0.9132872153887193,0.21897497852757333,1.1091833902741721,1.2249158464525134,1.6943624653569713,-0.41450392725846835,0.12241031198443718,0.940667333073327,-0.06409780213082426,-0.8207783160895787,0.8234251968524905,0.05042079323441126,0.3270115230364822,-0.2911028048226794,-0.7135197872815836,-0.8259212449240956,-0.7430799385118394
B07_2023_002,55794.0,1.7266736347410194,-0.21989287761596427,-0.6231106687485659,-0.6466839003037039,-0.6368034949959216,2023-10-03T00:00,-1.5257516829124032,-1.7528492410407732,0.28041802085306355,3.469446951953614e-18,-1.6203278735277138,-0.11309814402816878,-0.021012180280337484,-0.3975290128455013,-0.7379692807108776,-0.9275980972575041,-0.6815219322189826,-1.1125925127136014,-0.7285761806434939,-0.1305954387428622,-1.0629381515434493,0.8997172271384313,1.5143442980155237,1.4697034273290681,0.6911444246910663,0.4369320625345411,-0.5231827135559876,-0.9202502764185693,1.2370141531278178,0.770127325366897,1.5725893439021756,-0.8803363927928625,0.5989277552285882,-0.7430799385118394
B07_2023_002,55796.0,1.7266736347410194,-0.21989287761596427,0.696417806248397,0.7501533243522964,0.727002290321123,2023-10-03T00:00,-0.9861931309983935,-1.9008559050470395,-0.5103168682365159,3.469446951953614e-18,-2.0920648869906837,-0.6972746444867111,0.6250271788253895,-0.35192883930843816,-0.3642140539985621,-0.8202482145055956,-0.4529554650680412,-1.5557537032359838,-0.03765346041459083,-1.2536892014994696,-1.6923477667126443,-0.03940896348348093,2.054421801092242,1.638115066747147,0.4281337915313859,-1.2331674863499469,-0.1809477706423574,-0.07984349644704788,0.9517095392048461,0.770127325366897,0.9930922098128225,-0.8282226334327845,0.2269649403204987,-0.7332060514493103
B07_2023_005,55804.0,0.7363401718454764,1.9016440330739273,-0.6231106687485659,-0.6466839003037039,-0.6368034949959216,2023-09-28T00:00,1.7115996285716646,0.4867793761096004,-0.9847578016902638,3.469446951953614e-18,0.29705482635403413,-0.23258879184923423,-0.3603872866460043,2.255831084842359,2.1664930651890315,2.3644649738010237,2.5437021765017103,0.9132872153887193,-0.8272794263904801,-1.60374440028075,-1.1628444396655437,-1.6768597573883524,-1.7604113555607652,-1.9616837258142894,-2.540008642299488,-0.8991475765730682,1.2103116712021817,1.075675684306686,-2.384979556777622,-2.693708449062557,-1.8314454168550207,2.039356117709921,-1.48512305599108,2.124387801959587
B07_2023_005,55808.0,0.7363401718454764,1.9016440330739273,2.4557891062443473,2.496199855172297,2.4804668714430376,2023-09-28T00:00,2.7367608772082934,0.5659218283907285,-1.3801252462350537,3.469446951953614e-18,0.18292490374202505,-0.5645072580188606,-1.1658920571765627,2.255831084842359,2.1664930651890315,0.6258178531524661,1.7587612317748922,-0.5217109253504245,-0.25480060105796065,-0.5827500705020159,-0.8531349464870507,-1.1952565827104489,-1.0574533356831324,-1.2459342582874542,-1.7771092095767,-0.5651276667961421,0.41721939045016115,1.2268493532679376,-1.9040170277159771,-1.7792170847251854,-1.6634183240520954,2.039356117709921,-1.217087274774586,2.124387801959587
B07_2023_007,55814.0,1.3386442266023337,0.5717394601659134,-0.6231106687485659,-0.6466839003037039,-0.6368034949959216,2023-10-03T00:00,0.6324825247436452,-0.2419478793101405,1.2292998877605592,3.469446951953614e-18,0.41879341047351026,1.108361811476056,0.7149820262958074,2.255831084842359,2.1664930651890315,1.3772670324158256,2.4041253743187267,0.5545376802039331,-0.9259826721374662,-1.51623060058543,-1.3226945006608948,-1.3156573763799249,-1.408932345621949,-1.568723233838772,-2.404288411726706,0.4369320625345411,1.6016498885338546,-1.1468100713249145,-1.5044173342903404,-1.5239511815610378,-1.1665697543215254,2.039356117709921,0.07450101696420551,2.124387801959587
B07_2023_008,55817.0,0.537260482138934,1.4603201288735788,0.696417806248397,0.7501533243522964,0.727002290321123,2023-09-28T00:00,0.6324825247436452,0.34802312860372586,0.1222710430351477,3.469446951953614e-18,0.9666170390111523,1.1481920274164115,0.12209780433169053,0.4893943624503764,0.8443776136879911,-0.1087921288164765,0.1722410480212986,-0.5428138391848236,0.08079043448179214,-0.21810923843818247,-0.44351916518646406,-0.7858938842342311,0.4684799269780704,0.12241031198443718,-0.18555768584120036,-0.5651276667961421,-0.029174013350225816,-1.1468100713249145,0.6134549517223378,0.770127325366897,0.3060456130423557,-0.11594814468205668,1.286956214360009,-0.24915765415142427
B07_2023_008,55818.0,0.537260482138934,1.4603201288735788,1.5761034562463723,1.4485719366802963,1.5063198819308627,2023-09-28T00:00,1.1720410766576548,1.4087375539819662,-0.3521698904186001,3.469446951953614e-18,1.6590052361906722,0.6967829134257196,0.7068043128894056,2.255831084842359,1.766540042211835,0.6426570504468831,1.6310329118964249,-0.1418584763312393,-0.8272794263904801,-1.137004135239043,-1.3426757582853137,-1.3878978525816106,-0.3887859509214817,-0.7547336433180574,-1.6354880994137952,0.10291215275766251,1.2341193194048694,-1.0375443445823438,-0.8366343067322594,-0.4066046311734856,-1.1881359700931422,1.821291235099316,0.278658154875186,1.2547039451934772
B07_2023_010,55820.0,0.7035465360249286,1.7413893859177774,-0.6231106687485659,-0.6466839003037039,-0.6368034949959216,2023-09-28T00:00,-0.9861931309983935,-1.4075003583594858,2.336328732485971,3.469446951953614e-18,0.5329233330855186,2.751358219015707,1.802617909347221,0.32979375507065545,-0.014910103800136305,-0.4687299709846402,0.11846070280931234,-0.7327400636944162,-0.17583800446037165,-0.3056230381335022,-0.7232567719283283,1.2127592906790678,0.031274329249298696,0.3469591645418754,-0.158582236286361,-1.9012073059037515,0.6433920483756904,-1.1468100713249145,1.2814144111092378,0.770127325366897,1.6627730317832539,-0.2249058233670654,2.5901973050244402,-0.3340117790475586
B07_2023_010,55821.0,0.7035465360249286,1.7413893859177774,-0.18326784374957827,0.051734712024296185,-0.052315301288616785,2023-09-28T00:00,-0.446634579084379,-1.4362794319162597,0.7548589543068114,3.469446951953614e-18,-1.148590860064744,0.20554358349467253,1.3405771018855304,-0.1923282319287173,-0.6401641746553185,-0.8097237161965849,-0.3386722314925705,-1.0281808573760045,-0.9062420229880691,-0.5973357037845691,-1.4325914175951988,0.008751353984309674,1.6943701323744298,1.3574290010503487,0.33371971808945006,-0.23110775701926356,0.19551066656263547,-1.1468100713249145,1.1878879096038577,0.770127325366897,1.4728064594291026,-0.7258806028612312,1.0317337690799027,-0.6723749925914504
B07_2023_012,55833.0,1.7594672705615673,0.27287162220076217,1.5761034562463723,1.4485719366802963,1.5063198819308627,2023-10-03T00:00,-0.446634579084379,-0.7774442122772557,-0.3521698904186001,3.469446951953614e-18,-1.2475034596618182,-0.9760861560691972,-0.6629626826828638,-0.49100936859648064,-0.7030388856910351,-0.89391970266867,-0.7958051657944534,-1.1970041680511978,-1.1628704619302332,0.3069735597337382,-1.0229756362946116,0.44219421119442254,1.7629514026063944,1.5398749437532677,0.785558498133003,-0.5651276667961421,-0.8550018103809418,0.4152643189985346,0.8741578939120411,0.770127325366897,0.835573004030795,-0.9320323886837837,-0.009621756938917522,-0.7430799385118394
B07_2023_012,55834.0,1.7594672705615673,0.27287162220076217,2.4557891062443473,2.496199855172297,2.4804668714430376,2023-10-03T00:00,-0.446634579084379,-0.9634803663406876,-0.5103168682365159,3.469446951953614e-18,-1.1638081830796787,-0.5512305193720756,-0.26634358247238576,-0.4750493078585086,-0.755434478220799,-0.9275980972575041,-0.7487473637339654,-1.3025187372231937,-1.2813143568266165,0.40907299271161146,-1.0629381515434493,0.32179341752494667,1.7972420377223763,1.5328577921108477,0.7518391861894543,0.10291215275766251,-0.6719805148227831,-0.25670785795614615,1.075877627760252,0.770127325366897,1.2452965133949494,-0.9149499654979064,0.40264128278796824,-0.7430799385118394
B07_2023_013,55835.0,0.8220156916071192,1.0467053790616394,-0.6231106687485659,-0.6466839003037039,-0.6368034949959216,2023-10-03T00:00,-0.446634579084379,-1.0364558742882217,2.336328732485971,3.469446951953614e-18,0.8068351473543399,2.751358219015707,2.3893688462565366,0.7880754991181399,-0.07429177533386866,-0.2308763092009999,0.7033219569896627,-0.5639167530192227,-0.8667607246892748,-0.6119213370671227,-1.2028069549143812,0.39403389372663233,0.06556496436528066,0.1364446152692768,-0.6846035026057218,1.1049718820883458,1.8873416669661023,-1.1468100713249145,1.2814144111092378,0.770127325366897,1.6627730317832539,0.27528575561188173,2.5901973050244402,0.022950432212377494
B07_2023_014,55840.0,0.849744341790437,1.642418488978268,0.696417806248397,0.7501533243522964,0.727002290321123,2023-09-28T00:00,1.7115996285716646,0.9616340897963706,-1.1429047795081797,3.469446951953614e-18,0.259011518816698,-1.0424698493031226,2.3893688462565366,2.255831084842359,0.9421827197435504,0.15432032890878944,2.0478305872893183,0.259096886522345,-0.8865013738386719,-1.3557886344773433,-1.3326851294731046,-1.5323788049849814,-0.8431368662082445,-1.1687455902208346,-2.02663211795896,1.4389917918652244,2.5113624460287265,1.9463493114361425,-2.2215770159103063,-1.8763079344021487,-2.188696558474357,2.039356117709921,-1.6915231992494153,2.124387801959587
B07_2023_014,55841.0,0.849744341790437,1.642418488978268,1.5761034562463723,1.4485719366802963,1.5063198819308627,2023-09-28T00:00,2.7367608772082934,0.734484973508976,-1.3801252462350537,3.469446951953614e-18,-0.007291633944656243,-1.148683758477403,2.3893688462565366,2.255831084842359,0.44267807095980133,-0.5424014591477148,2.5437021765017103,-0.8593575467008112,-1.6761273398145613,-1.6766725666935167,-2.4816074428771904,-1.917661344727304,-0.9631540891141818,-1.3792601394934332,-2.540008642299488,-1.5671873961268254,2.5113624460287265,2.2260567265508517,-2.384979556777622,-2.263649673529257,-2.7819085922422846,2.039356117709921,-1.8954486494823006,2.124387801959587
B07_2023_016,55843.0,0.595207351717198,2.31134848859262,-0.6231106687485659,-0.6466839003037039,-0.6368034949959216,2023-09-28T00:00,1.7115996285716646,2.096737281198593,0.5967119764888957,3.469446951953614e-18,2.0603621307095703,0.8295502998935701,1.761729342315213,0.7082751954282795,-0.08127785433783719,-0.3676947872181381,0.24618902268777976,-0.47950509768162614,1.5021171732383933,1.1675259234043853,1.2548877328891415,-0.9544549953714973,-0.9888720654511685,-1.119625528723895,-0.23276472256216876,0.7709519723114197,0.7549903993257873,-1.0566517971648053,-0.4583249301198559,-0.931415501013604,0.22747581189147686,0.43451565852594587,0.18141648592398463,0.48104123072807004
B07_2023_016,55844.0,0.595207351717198,2.31134848859262,-0.18326784374957827,0.051734712024296185,-0.052315301288616785,2023-09-28T00:00,2.7367608772082934,2.096737281198593,-0.3521698904186001,3.469446951953614e-18,2.0603621307095703,-0.43173987155101007,1.0829791295838795,1.3854377724536666,0.18070010831098215,-0.2834988007460531,0.40753005832373834,-0.47950509768162614,1.4428952257902015,1.4300673224903457,1.4047471650722831,-0.9785351541053923,-1.3317784166109892,-1.4073287460631132,-0.4081051446686217,0.10291215275766251,0.6374401363250188,1.1006438261266283,-1.3964776337189069,-1.9770932811717725,-0.3885034077417029,0.7288915474482794,-1.214266729128212,1.0505521490375465
B07_2023_016,55846.0,0.595207351717198,2.31134848859262,1.5761034562463723,1.4485719366802963,1.5063198819308627,2023-09-28T00:00,2.7367608772082934,2.096737281198593,-1.3801252462350537,3.469446951953614e-18,2.0603621307095703,-0.9495326787756272,1.516397940123165,1.2645973125804495,0.6627395595848099,0.19220852282122788,0.6898768706866659,0.5545376802039331,1.6008204189853796,0.5257580589720383,1.354794021011236,-1.2674970589121346,-1.5460948860858774,-1.6669633568326514,-0.6913473649944312,0.10291215275766251,0.9052761786052508,2.060753176688285,-1.9690263522367786,-2.6337424294769995,-0.7416435315357001,1.1888520728728522,-1.841942227012087,2.0950936242426828
B07_2023_017,55847.0,1.6611722103140798,1.3297297832524615,-0.6231106687485659,-0.6466839003037039,-0.6368034949959216,2023-10-03T00:00,0.09292397282963069,-1.384888229136306,0.9130059321247274,3.469446951953614e-18,-0.730114477154045,0.8693805158339253,0.8417365840950322,-0.13760802368424152,-0.37120013300253063,-0.6139680476489872,-0.2916144294320825,-0.7749458913632145,-0.5311696891495217,-0.4952362708066958,-1.0529475227312397,-0.23205023335464206,1.4286177102255684,1.069725783711131,0.31348813092332106,1.1049718820883458,0.015465327029812716,-1.1468100713249145,1.2814144111092378,0.770127325366897,1.6627730317832539,-0.6413320447875935,1.5839227352064584,-0.6273139515823049
B07_2023_018,55852.0,0.8673430206994166,1.0051753569126227,-0.6231106687485659,-0.6466839003037039,-0.6368034949959216,2023-10-03T00:00,0.09292397282963069,-0.4084553763171896,2.336328732485971,3.469446951953614e-18,2.0603621307095703,2.751358219015707,2.3893688462565366,2.255831084842359,2.1664930651890315,1.236238755075083,2.4713508058337097,-0.1629613901656386,-0.9259826721374662,-1.2828604680645765,-1.502525819280665,-1.628699439920562,-1.246051828821034,-1.5266203239842524,-2.485214760391223,-0.23110775701926356,2.5113624460287265,-1.1468100713249145,1.2814144111092378,0.770127325366897,1.6627730317832539,2.039356117709921,2.5901973050244402,2.124387801959587
B07_2023_021,55858.0,1.5200393901857405,1.1377882685475573,-0.6231106687485659,-0.6466839003037039,-0.6368034949959216,2023-10-03T00:00,1.1720410766576548,0.20515558487545507,-1.3801252462350537,3.469446951953614e-18,-0.34968140178068274,-0.9362559401288422,-1.0595817828933418,-0.9173709911680208,-0.8148161497545313,-0.6392268435906125,-0.9302560288244189,-0.1207555624968402,1.7784862613299544,0.3507304595813983,1.0051220125839053,-0.5210121381613844,0.5713518323260166,0.2838047997600959,0.9474111954620363,0.7709519723114197,-1.0930782924078148,1.0129743378070921,0.06792724418692273,0.5064626733682387,-0.47684747020123636,-0.7437298574671241,-0.5779717780607131,-0.7430799385118394
B07_2023_021,55859.0,1.5200393901857405,1.1377882685475573,-0.18326784374957827,0.051734712024296185,-0.052315301288616785,2023-10-03T00:00,1.1720410766576548,0.12806878070552483,-1.3801252462350537,3.469446951953614e-18,-0.2203341561537395,-0.5910607353124308,-1.141358916957358,-1.0131313555958534,0.10385323926732841,-1.0959900702016743,-0.9369785719759173,0.4912289387007358,2.2325211917660908,0.13194596034309813,1.374775278635655,-0.7136534080325455,0.33131738651414194,0.031187340632977463,0.9541550578507467,0.7709519723114197,-1.1034941384964905,0.5969456853603576,0.07672112783602304,0.26029646697835485,-0.15540840786578342,-0.6921320079977898,-0.4206457712568599,-0.7430799385118394
B07_2023_021,55860.0,1.5200393901857405,1.1377882685475573,0.696417806248397,0.7501533243522964,0.727002290321123,2023-10-03T00:00,1.1720410766576548,0.40044215543927825,-0.9847578016902638,3.469446951953614e-18,-0.0833782490193285,-0.7769350763674215,-1.0105155024549322,-0.7896905052642442,-0.4270887650342788,0.37322989373621074,-0.48656818082553255,0.7444639047135257,1.423154576640804,-0.37855120454626895,0.7353750346542508,-0.7858938842342311,0.3227447277351463,0.0031187340632977466,0.49557241541848335,0.4369320625345411,-0.9234487989636678,0.9073213647040632,-0.22522623150378268,0.1292184807330295,-0.6070613627659578,-0.47068896064288146,-0.6231408019119411,-0.5739573449152923
B07_2023_021,55862.0,1.5200393901857405,1.1377882685475573,2.4557891062443473,2.496199855172297,2.4804668714430376,2023-10-03T00:00,1.1720410766576548,-0.8021119896116335,-0.8266108238723479,3.469446951953614e-18,-1.1105475525274076,-0.7105513831334962,-1.1250034901445547,-0.8763308349846641,-0.7449553597148463,-0.8581364084180338,-0.9840363740364052,-1.2392099957199962,-1.5576834449181778,0.7882994580579986,-0.9130787193603075,0.466274369928318,1.9686952133022868,1.7153037348137665,1.0283375441265534,2.107031611419029,-1.1853329291932282,-0.09935236610057041,1.2151597691920952,0.770127325366897,1.5281997608390026,-1.0196862165856486,0.6709356140220456,-0.7430799385118394
B07_2023_023,55867.0,1.5150602517627276,1.311931202331461,-0.18326784374957827,0.051734712024296185,-0.052315301288616785,2023-10-03T00:00,-0.9861931309983935,-1.644927715202871,0.28041802085306355,3.469446951953614e-18,-1.4681546433783685,-0.020160973500673314,-0.470786417632426,0.35715385919289333,0.016527251717721965,-0.5087230645588807,-0.25127917052309284,-0.9015633743696095,-1.0246859178844525,-0.46606500424158925,-1.3426757582853137,0.466274369928318,1.3343184636566183,1.19603451327469,0.23930564464751328,-0.5651276667961421,-0.4532477469605936,-0.9240235968865326,0.9189814349588777,0.770127325366897,0.926616444300536,-0.6522479245403272,0.6162304596521225,-0.6251889148162373
B07_2023_023,55869.0,1.5150602517627276,1.311931202331461,1.5761034562463723,1.4485719366802963,1.5063198819308627,2023-10-03T00:00,-0.446634579084379,-1.4763645700846233,0.1222710430351477,3.469446951953614e-18,-1.2855467671991545,0.04622271973325202,-0.7570063868564824,0.206673286520585,0.29946345137844704,-0.33191149296750194,-0.23111154106859808,-0.9226662882040086,-1.1036485144820414,-0.37855120454626895,-1.3326851294731046,0.008751353984309674,1.4800536628995418,1.18200020998985,0.23256178225880392,0.10291215275766251,-0.6020455482273892,-1.0222102124678456,0.9361944899651422,0.770127325366897,0.9615787812494441,-0.6399090567056929,0.762109752041106,-0.6161862591007095
B07_2023_024,55871.0,1.1143254559239801,1.0981459746780173,-0.6231106687485659,-0.6466839003037039,-0.6368034949959216,2023-10-03T00:00,0.6324825247436452,-0.3344520443140567,-0.8266108238723479,3.469446951953614e-18,-0.5322892779598966,-0.418463132904225,-0.6834069661988679,0.1747531650446409,0.397268557434006,0.3879641913688257,0.017622555536838166,0.42792019719753815,0.7124912072625041,0.1902884934733113,0.6154874889077372,-0.3524510270241179,-0.37164063336349074,-0.43896181940915946,-0.010217263734747415,0.4369320625345411,-0.4606876370239334,0.5698901747709049,-0.5505210195479585,-0.4151934981573813,-0.5964043259451585,-0.025019934497062395,-0.6394831776987333,-0.14942213876075694
B07_2023_024,55873.0,1.1143254559239801,1.0981459746780173,0.696417806248397,0.7501533243522964,0.727002290321123,2023-10-03T00:00,0.6324825247436452,-0.7085800005521182,-0.9847578016902638,3.469446951953614e-18,-1.0801129064975385,-0.8034885536609916,-0.785628383778888,-0.03956765057955587,0.11433235777328127,0.36270539542720015,-0.12355085064462552,0.19578814501914735,1.1862667868480374,0.2923879264511846,0.8153000651519261,-0.30429070955632775,-0.39735860970047737,-0.44597897105157924,0.1179161216507381,-0.23110775701926356,-0.5916297021387135,1.185904812019802,-0.7025963303575817,-0.6045758866947643,-0.6717421032070032,-0.11954335686765523,-1.0220734056672705,-0.24018268128541662
B07_2023_024,55874.0,1.1143254559239801,1.0981459746780173,1.5761034562463723,1.4485719366802963,1.5063198819308627,2023-10-03T00:00,1.1720410766576548,-0.6386879647713815,-0.8266108238723479,3.469446951953614e-18,-0.7453318001689795,-0.3122492237299446,-1.1004703499253499,-0.6825300974521458,-0.5737964241176176,-0.6497513418996232,-0.8226953384004465,0.28019980035674413,2.449668332409461,0.5986862253848051,2.1240724395513633,-0.30429070955632775,-0.6031024203963697,-0.6143906104696583,0.8395093972426808,0.7709519723114197,-1.0067755676730734,0.49329979761262827,-0.2750337253015916,-0.6479002775352454,0.25013123272677024,-0.4814343541287227,-0.6104987133897977,-0.6771935349163867
B07_2023_025,55878.0,1.0009212859790195,0.7953678424195718,0.696417806248397,0.7501533243522964,0.727002290321123,2023-10-03T00:00,1.7115996285716646,-0.21111315764216834,-0.9847578016902638,3.469446951953614e-18,-0.20511683313880463,-0.046714450794243446,-0.9410049385005185,-0.8808908523383703,-0.5144147525838851,-0.38242908485075305,-0.7554699068854637,-0.7116371498600169,-0.294281899356755,0.5257580589720383,-0.20374407369343683,-0.13572959841906126,1.2400192170876674,0.9434170541475716,0.7653269109668731,0.4369320625345411,-1.0261192818377567,-0.7488451870758873,0.932794919130696,0.770127325366897,0.954673734995173,-0.8082673702607752,0.8519206263310839,-0.7430799385118394
